<ImportExportXml xmlns:xsi="http://www.w3.org/2001/XMLSchema-instance">
  <Entities></Entities>
  <Roles></Roles>
  <Workflows>
    <Workflow WorkflowId="{eebdbb64-3890-ee11-8179-000d3a4e8580}" Name="Test - Azure Open IA PBO Tenant">
      <JsonFileName>/Workflows/Test-AzureOpenIAPBOTenant-EEBDBB64-3890-EE11-8179-000D3A4E8580.json</JsonFileName>
      <Type>1</Type>
      <Subprocess>0</Subprocess>
      <Category>5</Category>
      <Mode>0</Mode>
      <Scope>4</Scope>
      <OnDemand>0</OnDemand>
      <TriggerOnCreate>0</TriggerOnCreate>
      <TriggerOnDelete>0</TriggerOnDelete>
      <AsyncAutodelete>0</AsyncAutodelete>
      <SyncWorkflowLogOnFailure>0</SyncWorkflowLogOnFailure>
      <StateCode>1</StateCode>
      <StatusCode>2</StatusCode>
      <RunAs>1</RunAs>
      <IsTransacted>1</IsTransacted>
      <IntroducedVersion>1.0.0.0</IntroducedVersion>
      <IsCustomizable>1</IsCustomizable>
      <BusinessProcessType>0</BusinessProcessType>
      <IsCustomProcessingStepAllowedForOtherPublishers>1</IsCustomProcessingStepAllowedForOtherPublishers>
      <PrimaryEntity>none</PrimaryEntity>
      <LocalizedNames>
        <LocalizedName languagecode="1033" description="Test - Azure Open IA PBO Tenant" />
      </LocalizedNames>
    </Workflow>
  </Workflows>
  <FieldSecurityProfiles></FieldSecurityProfiles>
  <Templates />
  <EntityMaps />
  <EntityRelationships />
  <OrganizationSettings />
  <optionsets />
  <CustomControls />
  <EntityDataProviders />
  <CanvasApps>
    <CanvasApp>
      <Name>pbo_iconator_1321e</Name>
      <AppVersion>2023-12-07T14:34:38Z</AppVersion>
      <Status>Ready</Status>
      <CreatedByClientVersion>3.23113.20.0</CreatedByClientVersion>
      <MinClientVersion>3.23113.20.0</MinClientVersion>
      <Tags>{"primaryDeviceWidth":"1366","primaryDeviceHeight":"768","supportsPortrait":"true","supportsLandscape":"true","primaryFormFactor":"Tablet","showStatusBar":"false","publisherVersion":"3.23113.20","minimumRequiredApiVersion":"2.2.0","hasComponent":"false","hasUnlockedComponent":"false","isUnifiedRootApp":"false","sienaVersion":"20231205T095220Z-3.23113.20.0","coauthoringEnabled":"false"}</Tags>
      <IsCdsUpgraded>0</IsCdsUpgraded>
      <GalleryItemId xsi:nil="true"></GalleryItemId>
      <BackgroundColor>RGBA(0,176,240,1)</BackgroundColor>
      <DisplayName>Artistator</DisplayName>
      <Description>Create stunning SVG designs with ease using Artistator. This app empowers you to generate SVG code based on user input, without any need for explanation or comments. With a width of 500 and height of 400, you can bring your creative vision to life.</Description>
      <CommitMessage xsi:nil="true"></CommitMessage>
      <Publisher xsi:nil="true"></Publisher>
      <AuthorizationReferences>[]</AuthorizationReferences>
      <ConnectionReferences>{"422791cc-0bc1-49e9-92d2-c67e2c9d407a":{"id":"/providers/microsoft.powerapps/apis/shared_pbo-5fazure-20open-20ia-20pbo-20tenant-5f68d85f31d8214ac9","displayName":"Azure Open IA PBO Tenant","iconUri":"https://prodapiicons.cdn.powerappscdn.net/20231201t000000zde1077a9ef5e47218edf27f90d970de1/customconnectoricon.png","dataSources":["Azure_Open_IA_PBO_Tenant"],"dependencies":[],"dependents":[],"parameterHints":{},"parameterHintsV2":{},"isOnPremiseConnection":false,"bypassConsent":false,"dataSets":{},"apiTier":"Standard","actions":["AskMe"],"customApiLogicalName":"pbo_5Fazure-20open-20ia-20pbo-20tenant","isCustomApiSolutionAware":true}}</ConnectionReferences>
      <DatabaseReferences>{}</DatabaseReferences>
      <AppComponents>[]</AppComponents>
      <AppComponentDependencies>[]</AppComponentDependencies>
      <CanConsumeAppPass>1</CanConsumeAppPass>
      <CanvasAppType>0</CanvasAppType>
      <BypassConsent>0</BypassConsent>
      <AdminControlBypassConsent>0</AdminControlBypassConsent>
      <EmbeddedApp xsi:nil="true"></EmbeddedApp>
      <IntroducedVersion>1.0</IntroducedVersion>
      <CdsDependencies>{"cdsdependencies":[{"logicalname":"pbo_5Fazure-20open-20ia-20pbo-20tenant","componenttype":372,"componenttypeplatformname":"connector"}]}</CdsDependencies>
      <IsCustomizable>1</IsCustomizable>
      <BackgroundImageUri>/CanvasApps/pbo_iconator_1321e_BackgroundImageUri</BackgroundImageUri>
      <DocumentUri>/CanvasApps/pbo_iconator_1321e_DocumentUri.msapp</DocumentUri>
    </CanvasApp>
  </CanvasApps>
  <Connectors>
    <Connector>
      <connectorid>66aef635-ea94-434e-8c5c-c17eecc0f97c</connectorid>
      <description>Azure Open IA PBO Tenant</description>
      <displayname>Azure Open IA PBO Tenant</displayname>
      <iconbrandcolor>#007ee5</iconbrandcolor>
      <name>pbo_5Fazure-20open-20ia-20pbo-20tenant</name>
      <connectortype>1</connectortype>
      <openapidefinition>/Connector/pbo_5Fazure-20open-20ia-20pbo-20tenant_openapidefinition.json</openapidefinition>
      <connectionparameters>/Connector/pbo_5Fazure-20open-20ia-20pbo-20tenant_connectionparameters.json</connectionparameters>
      <policytemplateinstances>/Connector/pbo_5Fazure-20open-20ia-20pbo-20tenant_policytemplateinstances.json</policytemplateinstances>
      <iconblob>/Connector/pbo_5Fazure-20open-20ia-20pbo-20tenant_iconblob.Png</iconblob>
    </Connector>
  </Connectors>
  <connectionreferences>
    <connectionreference connectionreferencelogicalname="pbo_sharedpbo5fazure20open20ia20pbo20tenant5f68d85f31d8214ac9_ce1ff">
      <connectionreferencedisplayname>Azure Open IA PBO Tenant PPFS23Demo-ce1ff</connectionreferencedisplayname>
      <connectorid>/providers/Microsoft.PowerApps/apis/shared_pbo-5fazure-20open-20ia-20pbo-20tenant-5f68d85f31d8214ac9</connectorid>
      <customconnectorid>
        <connectorid>66aef635-ea94-434e-8c5c-c17eecc0f97c</connectorid>
      </customconnectorid>
      <description>Azure Open IA PBO Tenant PPFS23Demo</description>
      <iscustomizable>1</iscustomizable>
      <statecode>0</statecode>
      <statuscode>1</statuscode>
    </connectionreference>
  </connectionreferences>
  <Languages>
    <Language>1033</Language>
  </Languages>
</ImportExportXml>