<entities >
  <entity name="pbo_categorie" displayname="Categorie" etc="10182" primaryidfield="pbo_categorieid" primarynamefield="pbo_libelle" disableplugins="false">
    <fields>
      <field displayname="Categorie" name="pbo_categorieid" type="guid" primaryKey="true" />
      <field displayname="Created By" name="createdby" type="entityreference" lookupType="systemuser" />
      <field displayname="Created By (Delegate)" name="createdonbehalfby" type="entityreference" lookupType="systemuser" />
      <field displayname="Created On" name="createdon" type="datetime" />
      <field displayname="Cumul de Prix" name="pbo_cumuldeprix" type="money" customfield="true" />
      <field displayname="Cumul de Prix (Base)" name="pbo_cumuldeprix_base" type="money" customfield="true" />
      <field displayname="Cumul de Prix (Last Updated On)" name="pbo_cumuldeprix_date" type="datetime" customfield="true" />
      <field displayname="Cumul de Prix (State)" name="pbo_cumuldeprix_state" type="number" customfield="true" />
      <field displayname="Currency" name="transactioncurrencyid" type="entityreference" lookupType="transactioncurrency" />
      <field displayname="Exchange Rate" name="exchangerate" type="decimal" />
      <field displayname="Import Sequence Number" name="importsequencenumber" type="number" />
      <field displayname="Libellé" name="pbo_libelle" type="string" customfield="true" />
      <field displayname="LivrePrincipal" name="pbo_livreprincipalid" type="entityreference" lookupType="pbo_livre" customfield="true" />
      <field displayname="Modified By" name="modifiedby" type="entityreference" lookupType="systemuser" />
      <field displayname="Modified By (Delegate)" name="modifiedonbehalfby" type="entityreference" lookupType="systemuser" />
      <field displayname="Modified On" name="modifiedon" type="datetime" />
      <field displayname="Owner" name="ownerid" type="owner" />
      <field displayname="Owning Business Unit" name="owningbusinessunit" type="entityreference" lookupType="businessunit" />
      <field displayname="Owning Team" name="owningteam" type="entityreference" lookupType="team" />
      <field displayname="Owning User" name="owninguser" type="entityreference" lookupType="systemuser" />
      <field displayname="Record Created On" name="overriddencreatedon" type="datetime" />
      <field displayname="Status" name="statecode" type="state" />
      <field displayname="Status Reason" name="statuscode" type="status" />
      <field displayname="Time Zone Rule Version Number" name="timezoneruleversionnumber" type="number" />
      <field displayname="UTC Conversion Time Zone Code" name="utcconversiontimezonecode" type="number" />
      <field displayname="Version Number" name="versionnumber" type="bigint" />
    </fields>
    <relationships />
  </entity>
  <entity name="pbo_livre" displayname="Livre" etc="10175" primaryidfield="pbo_livreid" primarynamefield="pbo_titre" disableplugins="false">
    <fields>
      <field displayname="Categorie" name="pbo_categorieid" type="entityreference" lookupType="pbo_categorie" customfield="true" />
      <field displayname="Couleur Couverture" name="pbo_couleurcouverture" type="optionsetvalue" customfield="true" />
      <field displayname="Created By" name="createdby" type="entityreference" lookupType="systemuser" />
      <field displayname="Created By (Delegate)" name="createdonbehalfby" type="entityreference" lookupType="systemuser" />
      <field displayname="Created On" name="createdon" type="datetime" />
      <field displayname="Currency" name="transactioncurrencyid" type="entityreference" lookupType="transactioncurrency" />
      <field displayname="Exchange Rate" name="exchangerate" type="decimal" />
      <field displayname="Image Couverture" name="pbo_imagecouverture" type="imagedata" customfield="true" />
      <field displayname="Import Sequence Number" name="importsequencenumber" type="number" />
      <field displayname="Livre" name="pbo_livreid" type="guid" primaryKey="true" />
      <field displayname="Modified By" name="modifiedby" type="entityreference" lookupType="systemuser" />
      <field displayname="Modified By (Delegate)" name="modifiedonbehalfby" type="entityreference" lookupType="systemuser" />
      <field displayname="Modified On" name="modifiedon" type="datetime" />
      <field displayname="Nombre de Page" name="pbo_nombredepage" type="number" customfield="true" />
      <field displayname="Owner" name="ownerid" type="owner" />
      <field displayname="Owning Business Unit" name="owningbusinessunit" type="entityreference" lookupType="businessunit" />
      <field displayname="Owning Team" name="owningteam" type="entityreference" lookupType="team" />
      <field displayname="Owning User" name="owninguser" type="entityreference" lookupType="systemuser" />
      <field displayname="pbo_imagecouvertureid" name="pbo_imagecouvertureid" type="guid" customfield="true" />
      <field displayname="Prix" name="pbo_prix" type="money" customfield="true" />
      <field displayname="Prix (Base)" name="pbo_prix_base" type="money" customfield="true" />
      <field displayname="Prix de laPage" name="pbo_prixdelapage" type="money" customfield="true" />
      <field displayname="Prix de laPage (Base)" name="pbo_prixdelapage_base" type="money" customfield="true" />
      <field displayname="Record Created On" name="overriddencreatedon" type="datetime" />
      <field displayname="Référence" name="pbo_reference" type="string" customfield="true" />
      <field displayname="Status" name="statecode" type="state" />
      <field displayname="Status Reason" name="statuscode" type="status" />
      <field displayname="Time Zone Rule Version Number" name="timezoneruleversionnumber" type="number" />
      <field displayname="Titre" name="pbo_titre" type="string" customfield="true" />
      <field displayname="UTC Conversion Time Zone Code" name="utcconversiontimezonecode" type="number" />
      <field displayname="Version Number" name="versionnumber" type="bigint" />
    </fields>
    <relationships>
      <relationship name="pbo_usage_livre_emprunter" manyToMany="true" isreflexive="false" relatedEntityName="pbo_usage_livre_emprunter" m2mTargetEntity="pbo_usage" m2mTargetEntityPrimaryKey="pbo_usageid" />
    </relationships>
  </entity>
  <entity name="pbo_usage" displayname="Usagé" etc="10181" primaryidfield="pbo_usageid" primarynamefield="pbo_nom" disableplugins="false">
    <fields>
      <field displayname="Civilité" name="pbo_civilite" type="optionsetvalue" customfield="true" />
      <field displayname="Created By" name="createdby" type="entityreference" lookupType="systemuser" />
      <field displayname="Created By (Delegate)" name="createdonbehalfby" type="entityreference" lookupType="systemuser" />
      <field displayname="Created On" name="createdon" type="datetime" />
      <field displayname="Import Sequence Number" name="importsequencenumber" type="number" />
      <field displayname="Modified By" name="modifiedby" type="entityreference" lookupType="systemuser" />
      <field displayname="Modified By (Delegate)" name="modifiedonbehalfby" type="entityreference" lookupType="systemuser" />
      <field displayname="Modified On" name="modifiedon" type="datetime" />
      <field displayname="Nom" name="pbo_nom" type="string" customfield="true" />
      <field displayname="Owner" name="ownerid" type="owner" />
      <field displayname="Owning Business Unit" name="owningbusinessunit" type="entityreference" lookupType="businessunit" />
      <field displayname="Owning Team" name="owningteam" type="entityreference" lookupType="team" />
      <field displayname="Owning User" name="owninguser" type="entityreference" lookupType="systemuser" />
      <field displayname="Parent" name="pbo_parent" type="entityreference" lookupType="pbo_usage" customfield="true" />
      <field displayname="Record Created On" name="overriddencreatedon" type="datetime" />
      <field displayname="Status" name="statecode" type="state" />
      <field displayname="Status Reason" name="statuscode" type="status" />
      <field displayname="Time Zone Rule Version Number" name="timezoneruleversionnumber" type="number" />
      <field displayname="Usagé" name="pbo_usageid" type="guid" primaryKey="true" />
      <field displayname="UTC Conversion Time Zone Code" name="utcconversiontimezonecode" type="number" />
      <field displayname="Version Number" name="versionnumber" type="bigint" />
    </fields>
    <relationships />
  </entity>
</entities>