{
  "properties": {
    "connectionReferences": {
      "shared_commondataserviceforapps": {
        "runtimeSource": "embedded",
        "connection": {
          "connectionReferenceLogicalName": "pbo_sharedcommondataserviceforapps_39cc8"
        },
        "api": {
          "name": "shared_commondataserviceforapps"
        }
      },
      "shared_flowpush": {
        "runtimeSource": "invoker",
        "connection": {
          "connectionReferenceLogicalName": "pbo_sharedflowpush_6c038"
        },
        "api": {
          "name": "shared_flowpush"
        }
      }
    },
    "definition": {
      "$schema": "https://schema.management.azure.com/providers/Microsoft.Logic/schemas/2016-06-01/workflowdefinition.json#",
      "contentVersion": "1.0.0.0",
      "parameters": {
        "$connections": {
          "defaultValue": {},
          "type": "Object"
        },
        "$authentication": {
          "defaultValue": {},
          "type": "SecureObject"
        }
      },
      "triggers": {
        "manual": {
          "metadata": {
            "operationMetadataId": "a8774ebf-8976-40d5-834b-8966f94b544d"
          },
          "type": "Request",
          "kind": "Button",
          "inputs": {
            "schema": {
              "type": "object",
              "properties": {},
              "required": []
            }
          }
        }
      },
      "actions": {
        "List_records": {
          "runAfter": {},
          "metadata": {
            "operationMetadataId": "14d59884-0230-4a9a-aa43-336456ef343f"
          },
          "type": "OpenApiConnection",
          "inputs": {
            "host": {
              "connectionName": "shared_commondataserviceforapps",
              "operationId": "ListRecords",
              "apiId": "/providers/Microsoft.PowerApps/apis/shared_commondataserviceforapps"
            },
            "parameters": {
              "entityName": "pbo_usages",
              "$select": "pbo_Emprunter_Livre($select=pbo_civilite,pbo_nom)",
              "fetchXml": "<fetch version=\"1.0\" output-format=\"xml-platform\" mapping=\"logical\" distinct=\"true\">\n  <entity name=\"account\">\n    <attribute name=\"name\" />\n    <attribute name=\"primarycontactid\" />\n    <attribute name=\"telephone1\" />\n    <attribute name=\"accountid\" />\n    <attribute name=\"address1_city\" />\n    <attribute name=\"accountnumber\" />\n    <order attribute=\"name\" descending=\"false\" />\n    <filter type=\"and\">\n      <condition attribute=\"name\" operator=\"like\" value=\"%i%\" />\n    </filter>\n    <link-entity name=\"contact\" from=\"parentcustomerid\" to=\"accountid\" link-type=\"inner\" alias=\"aa\">\n      <filter type=\"and\">\n        <condition attribute=\"lastname\" operator=\"like\" value=\"%a%\" />\n      </filter>\n    </link-entity>\n    <link-entity name=\"contact\" from=\"contactid\" to=\"primarycontactid\" visible=\"false\" link-type=\"outer\" alias=\"a_410707b195544cd984376608b1802904\">\n      <attribute name=\"fullname\" />\n      <attribute name=\"description\" />\n    </link-entity>\n  </entity>\n</fetch>"
            },
            "authentication": {
              "type": "Raw",
              "value": "@json(decodeBase64(triggerOutputs().headers['X-MS-APIM-Tokens']))['$ConnectionKey']"
            }
          }
        },
        "Condition": {
          "actions": {
            "Apply_to_each": {
              "foreach": "@outputs('List_records')?['body/value']",
              "actions": {
                "Send_me_an_email_notification": {
                  "runAfter": {},
                  "metadata": {
                    "operationMetadataId": "cc59484b-8aa5-43f6-a252-161f81af1cda"
                  },
                  "type": "OpenApiConnection",
                  "inputs": {
                    "host": {
                      "connectionName": "shared_flowpush",
                      "operationId": "SendEmailNotification",
                      "apiId": "/providers/Microsoft.PowerApps/apis/shared_flowpush"
                    },
                    "parameters": {
                      "NotificationEmailDefinition/notificationSubject": "Civility",
                      "NotificationEmailDefinition/notificationBody": "@items('Apply_to_each')?['pbo_civilite@OData.Community.Display.V1.FormattedValue']"
                    },
                    "authentication": {
                      "type": "Raw",
                      "value": "@json(decodeBase64(triggerOutputs().headers['X-MS-APIM-Tokens']))['$ConnectionKey']"
                    }
                  }
                }
              },
              "runAfter": {},
              "metadata": {
                "operationMetadataId": "0c2bf569-32f1-4b36-91ee-5981af3026bf"
              },
              "type": "Foreach"
            }
          },
          "runAfter": {
            "List_records": [
              "Succeeded"
            ]
          },
          "expression": {
            "greater": [
              "@length(outputs('List_records')?['body/value'])",
              0
            ]
          },
          "metadata": {
            "operationMetadataId": "1be68122-f12b-4f3f-ac49-bd4ddee026bb"
          },
          "type": "If"
        }
      },
      "outputs": {}
    },
    "templateName": null
  },
  "schemaVersion": "1.0.0.0"
}